AAE,|FR|Algerian x2,
AAE,Mediterranean Marine,
AAL,Atlantic Fishing,
AAL,Healthcare,
AAL,Jutland capital journeys,
AAL,Wind energy,
AAN,|AE|Malayali,
AAN,Urdu|,
AAR,Dairy,
ABA,Aluminum,
ABA,Coal RU,
ABA,Taiga,
ABD,NIOC,
ABJ,Agriculture,
ABJ,Logistics MEA,
ABJ,Offshore oil,
ABJ,Spices / Tropical Ag,
ABQ,Academia,
ABQ,Hispanic|,
ABQ,Renewables,
ABQ,UFOs,
ABV,|US|Nigerian,
ABV,Bureaucracy,
ABY,Cotton,
ABZ,Atlantic Fishing,
ABZ,Equinor,
ABZ,Offshore oil,
ABZ,Whiskey,
ACA,|US|Guerrero & Oaxaca,
ACC,|NL|Ghanaian,
ACC,Agriculture,
ACC,Spices / Tropical Ag,
ACE,Atlantic Fishing,
ACK,Wind energy,
ACT,Ranching,
ACV,|US|Guerrero & Oaxaca,
ACV,Drug trafficking,
ACV,Forestry,
ACY,Casinos,
ADA,|DK|Turkish,
ADA,|NL|Turkish,
ADA,Agriculture,
ADB,|DK|Turkish,
ADB,|NL|Turkish,
ADB,Wind energy,
ADD,|IE|Ethiopian,
ADD,|US|Ethiopian,
ADD,|ZA|Ethiopian,
ADD,Bureaucracy,
ADD,Coffee,
ADD,Logistics MEA,
ADF,Textiles,
ADL,|AU|Indian,
ADL,LNG,
ADL,Viticulture,
ADQ,Arctic Fishing,
ADZ,Coffee,
AEP,|US|Jewish,
AEP,Agribusiness,
AEP,Dairy,
AEP,Loves Florianopolis x2|,
AES,Atlantic Fishing,
AES,Equinor,
AEY,Geothermal,
AGA,Atlantic Fishing,
AGM,Arctic Fishing,
AGP,|ES|Ecuadorian,
AGP,Mediterranean Ag,
AGR,Footwear,
AGS,Golf,
AGT,German|,
AGT,Spices / Tropical Ag,
AGU,|US|Durango & Zacatecas,
AHB,|SA|Egyptian,
AHB,|SA|Pakistani,
AHB,Petrochemicals,
AIP,|CA|Punjabi,
AJF,Oil,
AKJ,Paper & Furniture,
AKL,|NZ|Indian,
AKL,|NZ|Samoan,
AKL,Dairy,
AKL,Logistics APAC,
AKN,Arctic Fishing,
AKU,Cotton,
AKU,Sunni|,
ALA,Gazprom,
ALA,LNG,
ALA,Logistics CIS,
ALA,Oil,
ALA,Sinopec,
ALB,Caribbean Vacay x2|,
ALB,Dairy,
ALC,British Sunny Vacay x2|,
ALC,Mediterranean Ag,
ALC,Petrochemicals,
ALF,Boreal,
ALG,|CA|Algerian,
ALG,|FR|Algerian x2,
ALG,Logistics EU Med,
ALG,Oil,
ALO,Wind energy,
ALP,|BR|Syrian,
ALP,|NL|Syrian,
ALS,UFOs,
AMA,Ranching,
AMA,UFOs,
AMA,Wind energy,
AMD,|KE|Gujarati,
AMD,Dairy,
AMD,Pharma,
AMD,Textiles,
AMH,|US|Ethiopian,
AMH,|ZA|Ethiopian,
AMM,Healthcare,
AMS,|NL|Ghanaian,
AMS,|NL|Indonesian,
AMS,|NL|Moroccan,
AMS,|NL|Surinamese,
AMS,|NL|Turkish,
AMS,Diamonds,
AMS,Drug trafficking,
AMS,Horticulture,
AMS,Oil,
AMS,Semiconductors,
AMV,Gazprom,
ANC,|US|Samoan,
ANC,Arctic Fishing,
ANC,Arctic Oil,
ANC,LNG,
ANF,Copper,
ANR,Diamonds,
ANR,Drug trafficking,
ANR,Global Logistics,
ANR,Logistics EU Med,
ANR,Loves Tiroler Unterlan x2|,
ANR,Telco,
ANX,Atlantic Fishing,
AOG,Steel,
AOG,Tea,
AOI,Footwear,
AOJ,Forestry,
AOJ,Horticulture,
AOJ,Uranium,
AOJ,Wind energy,
APL,Agriculture,
APN,Maple Syrup,
AQ0,Academia,
AQP,Copper,
ARH,Arctic Fishing,
ARH,Rosneft,
ARH,Taiga,
ARK,Nordic / Lutheran|,
ARM,Ranching,
ARN,|NL|Syrian,
ARN,|SE|Iraqi,
ARN,Industrial automation,
ARN,Software,
ARN,Telco,
ARU,Latifundia Legacy,
ASB,LNG,
ASB,Oil,
ASF,Gazprom,
ASI,Commonwealth Binds,
ASP,Spirituality,
ASP,Spirituality,
ASR,CPG & Retail,
ATH,|AU|Greek,
ATH,Marine,
ATL,|US|Colombian,
ATL,|US|Korean,
ATL,|US|Nigerian,
ATL,Caribbean Vacay x2|,
ATL,CPG & Retail,
ATL,Defense,
ATL,Logistics NAC,
ATL,Back office,
ATQ,|CA|Punjabi,
ATQ,Agriculture,
ATQ,Cotton,
ATW,Nordic / Lutheran|,
AUH,|AE|Malayali,
AUH,|AE|Pakistani,
AUH,Aluminum,
AUH,Banking,
AUH,Oil Refining,
AUS,|US|Durango & Zacatecas,
AUS,|US|Pakistani,
AUS,Academia,
AUS,Apple,
AUS,Renewables,
AUS,Semiconductors,
AUS,Software,
AVA,Rice,
AVL,Academia,
AVL,Paper & Furniture,
AVL,Spirituality,
AVV,|AU|Indian,
AVV,|AU|Italian,
AWK,Defense,
AWZ,NIOC,
AWZ,Petrochemicals,
AWZ,Steel,
AXD,Mediterranean Marine,
AYT,Russian Vacay Destination x2|,
AZS,Sugar,
BAH,Aluminum,
BAH,LNG,
BAQ,|CL|Colombian,
BAQ,|MX|Colombian,
BAQ,|US|Colombian,
BAR,Rice,
BAV,Aluminum,
BAV,Coal CN,
BAV,Rare earths,
BBI,Back office,
BBK,Gemstones,
BCN,|ES|Ecuadorian,
BCN,Textiles,
BDA,High finance,
BDB,Sugar,
BDH,NIOC,
BDJ,Coal CN,
BDJ,Diamonds,
BDL,|US|Irish American,
BDL,|US|Polish,
BDL,|US|Stateside Puerto Ricans,
BDL,Academia,
BDL,Caribbean Vacay x2|,
BDO,Spices / Tropical Ag,
BDQ,Dairy,
BDU,Defense,
BEG,|DE|Serbian,
BEG,|FR|Serbian,
BEG,Agriculture,
BEG,Gazprom,
BEG,Logistics EU Med,
BEL,|BR|Nikkei,
BEL,Agribusiness,
BEL,Amazonia,
BER,|DE|Iranian,
BER,|DE|Serbian,
BER,|DE|Turkish,
BER,Entertainment,
BER,Industrial automation,
BER,Renewables,
BER,Telco,
BES,Marine,
BET,Arctic Oil,
BEY,Shia|,
BFI,Academia,
BFI,Aerospace,
BFL,Hispanic|,
BFL,Logistics NAC,
BFL,Mediterranean Ag,
BGA,Latifundia Legacy,
BGO,Atlantic Fishing,
BGO,Equinor,
BGO,Marine,
BGO,Offshore oil,
BGO,Wind energy,
BGW,|SE|Iraqi,
BGW,|TR|Iraqi,
BGW,PetroChina,
BGW,Shia|,
BGY,|IT|Romanian,
BGY,Banking,
BGY,Dairy,
BGY,Footwear,
BHE,Viticulture,
BHE,Viticulture,
BHJ,|KE|Gujarati,
BHM,Academia,
BHM,Heavy industry,
BHX,|GB|Indian,
BIL,Coal,
BIL,Forestry,
BIO,Renewables,
BIQ,Surfing,
BIS,Nordic / Lutheran|,
BJA,|FR|Algerian x2,
BJR,|ZA|Ethiopian,
BJX,Footwear,
BJX,Textiles,
BKI,Korean Vacay x2|,
BKI,Offshore oil,
BKI,Spices / Tropical Ag,
BKK,|TH|Chinese,
BKK,Banking,
BKK,CPG & Retail,
BKK,Electronics,
BKK,Logistics APAC,
BKS,Geothermal,
BLA,PDVSA,
BLJ,|FR|Algerian x2,
BLL,Dairy,
BLL,Toys,
BLL,Wind energy,
BLQ,Automotive,
BLQ,CPG & Retail,
BLR,|AE|Kannada,
BLR,|OM|Kannada,
BLR,Software,
BLR,Sunni|,
BLR,Telco,
BLR,Back office,
BLZ,Tea,
BMI,Academia,
BMO,Rare earth,
BNA,Automotive,
BNA,CPG & Retail,
BNA,Entertainment,
BNA,Healthcare,
BNA,US Finance,
BND,Aluminum,
BND,Logistics MEA,
BNE,|AU|Chinese,
BNE,|AU|Indian,
BNE,|AU|Vietnamese,
BNE,Coal,
BNE,LNG,
BNE,Logistics APAC,
BNE,Renewables,
BNK,Spirituality,
BOD,|FR|Algerian x2,
BOD,Viticulture,
BOG,|CL|Colombian,
BOG,|MX|Colombian,
BOG,|US|Colombian,
BOG,Andean connect,
BOG,Coffee,
BOG,Colonial ties bind,
BOG,Horticulture,
BOG,Logistics LATAM,
BOG,Back office,
BOH,Healthcare,
BOI,Forestry,
BOI,Healthcare,
BOI,Paper & Furniture,
BOJ,Agriculture,
BOJ,Mediterranean Marine,
BOM,|SG|Marathi,
BOM,Banking,
BOM,Bollywood 2 Bureaucracy x2,
BOM,Diamonds,
BOM,Entertainment,
BOM,Sunni|,
BOO,Equinor,
BOS,|US|Brazilian,
BOS,|US|Irish American,
BOS,Academia,
BOS,Banking,
BOS,Life sciences,
BOS,Software,
BOS,US Finance,
BOX,Zinc-lead,
BPN,Nickel,
BPN,Oil,
BPT,Equinor,
BPT,Oil Refining,
BQS,Defense RU,
BRD,Paper & Furniture,
BRE,Agribusiness,
BRE,Loves Arctic|,
BRE,Loves Bolzano x2|,
BRE,Nordic / Lutheran|,
BRE,Wind energy,
BRI,Viticulture,
BRO,Aerospace,
BRO,Hispanic|,
BRS,Aerospace,
BRU,|CD|Congolese,
BRU,Bureaucracy,
BRU,CPG & Retail,
BRU,Pharma,
BRW,Arctic Oil,
BRW,LNG,
BRX,Sugar,
BSB,Agribusiness,
BSB,Bureaucracy,
BSB,Coffee,
BSB,Petrobras,
BSL,Life sciences,
BSR,|SE|Iraqi,
BSR,|TR|Iraqi,
BSR,Oil,
BSR,Shia|,
BTJ,Indian Ocean Fishing,
BTJ,Surfing,
BTK,Gold,
BTM,Zinc-lead,
BTR,Academia,
BTR,ExxonMobil,
BTR,LNG,
BTR,Oil Refining,
BTS,Appliances,
BTS,Automotive,
BTU,LNG,
BTV,Academia,
BTV,Dairy,
BTV,Maple Syrup,
BUD,Automotive,
BUD,Pharma,
BUF,Agribusiness,
BUF,Heavy industry,
BUF,Life sciences,
BUF,Toys,
BUQ,Logistics MEA,
BUQ,Zim Connect x2,
BUR,Aerospace,
BUR,Entertainment,
BUR,Hispanic|,
BUR,SoCal NoCal,
BUZ,Logistics MEA,
BUZ,Mediterranean Marine,
BUZ,NIOC,
BUZ,Petrochemicals,
BVA,|FR|Algerian x2,
BVA,|FR|Moroccan,
BVA,|FR|Polish,
BVA,|FR|Serbian,
BVA,|FR|Tunisian x2,
BVA,Aerospace,
BVA,Software,
BVB,Petrobras,
BVE,Offshore oil,
BVJ,Gazprom,
BVJ,Gazprom,
BWI,|US|Guatemalan,
BWI,|US|Nigerian,
BWI,|US|Salvadoran,
BWI,Defense,
BWI,Logistics NAC,
BWN,LNG,
BWN,Offshore oil,
BWN,Sinophone|,
BWN,Spices / Tropical Ag,
BZL,Rice,
BZO,Loves Bolzano x2|,
CAB,Francophonie|,
CAB,Offshore oil,
CAE,Academia,
CAE,Healthcare,
CAG,Mediterranean Ag,
CAH,Seafood,
CAI,Logistics MEA,
CAK,LNG,
CAN,Cantonese|,
CAN,Chinese Tourism|,
CAN,Electronics,
CAN,Footwear,
CAN,Sinopec,
CAN,Software,
CAN,Textiles,
CAN,Toys,
CAY,Gold,
CAY,Loves French Antilles,
CAY,Space,
CAZ,Copper,
CAZ,Gold,
CBB,|AR|Bolivian,
CBB,|BR|Bolivian,
CBR,Bureaucracy,
CCJ,|AE|Malayali,
CCJ,|MY|Malayali,
CCJ,|OM|Malayali,
CCJ,|SA|Malayali,
CCJ,Sunni|,
CCP,Heavy industry,
CCP,Viticulture,
CCS,|CL|Venezuelan,
CCS,|PE|Venezuelan,
CCS,|US|Venezuelan,
CCS,PDVSA,
CCU,|CA|Bengali,
CCU,|US|Bengali,
CCU,Bengali|,
CCU,Logistics APAC,
CCU,Sunni|,
CCU,Tea,
CCU,Banking,
CDG,|FR|Algerian x2,
CDG,|FR|Jewish,
CDG,|FR|Moroccan,
CDG,|FR|Polish,
CDG,Automotive,
CDG,Banking,
CDG,Software,
CEB,Appliances,
CEB,Chinese Tourism|,
CEB,Electronics,
CEB,Back office,
CEC,Forestry,
CEE,Gazprom,
CEE,Paper & Furniture,
CEI,Gemstones,
CEN,Copper,
CFB,Petrobras,
CGB,Gold,
CGB,Ranching,
CGB,Sugar,
CGH,|US|Brazilian,
CGH,Agribusiness,
CGH,Banking,
CGH,Healthcare,
CGH,Logistics LATAM,
CGJ,Copper,
CGK,|ID|Chinese,
CGK,|ID|Tamil,
CGK,|NL|Indonesian,
CGK,|SR|Indonesian,
CGK,Coffee,
CGK,CPG & Retail,
CGK,Tea,
CGN,Banking,
CGN,Life sciences,
CGN,Loves Arctic|,
CGN,Loves Bolzano x2|,
CGO,|CA|Chinese,
CGO,Agribusiness,
CGO,Apple,
CGO,Automotive,
CGO,Chinese Tourism|,
CGO,Cotton,
CGP,Tea,
CGQ,Nickel,
CGQ,Zinc-lead,
CGR,|BR|Nikkei,
CGR,Agribusiness,
CHC,|NZ|Indian,
CHC,|NZ|Samoan,
CHC,Agribusiness,
CHC,Dairy,
CHC,Logistics APAC,
CHO,Academia,
CHS,Aerospace,
CIA,|IT|Romanian,
CID,Academia,
CIF,Coal CN,
CIT,PetroChina,
CIU,Forestry,
CJB,|AE|Tamil,
CJB,|ID|Tamil,
CJB,|MY|Tamil,
CJB,Healthcare,
CJB,Tea,
CJB,Textiles,
CJC,Copper,
CJC,Gemstones,
CJS,Electronics,
CJS,Logistics NAC,
CKG,|AU|Chinese,
CKG,|CA|Chinese,
CKG,|ID|Chinese,
CKG,|TH|Chinese,
CKG,|US|Chinese,
CKG,Automotive,
CKG,Bauxite,
CKG,Chinese Tourism|,
CKG,Logistics APAC,
CKY,Bauxite,
CKZ,Mediterranean Marine,
CLE,|US|Stateside Puerto Ricans,
CLE,Aerospace,
CLE,Appliances,
CLE,Caribbean Vacay x2|,
CLE,Healthcare,
CLO,|CL|Colombian,
CLO,|MX|Colombian,
CLO,|US|Colombian,
CLO,Agribusiness,
CLO,Drug trafficking,
CLQ,|US|Jalisco & Michoacán,
CLT,Caribbean Vacay x2|,
CLT,Industrial automation,
CLT,US Finance,
CLV,Ranching,
CMB,Gemstones,
CMB,Indian Ocean Fishing,
CMB,Tea,
CMB,Textiles,
CME,Pemex,
CMG,|BR|Nikkei,
CMH,|US|Jalisco & Michoacán,
CMH,|US|Somali,
CMH,Academia,
CMH,Logistics NAC,
CMH,US Finance,
CMI,Academia,
CMI,Coal,
CMN,|CA|Moroccan,
CMN,|FR|Moroccan,
CMN,|NL|Moroccan,
CMN,Logistics EU Med,
CMN,Logistics MEA,
CND,Mediterranean Marine,
CNF,Agribusiness,
CNF,Automotive,
CNF,Bauxite,PLU
CNF,Coffee,
CNF,Dairy,
CNJ,Gold,
CNN,|AE|Malayali,
CNN,|MY|Malayali,
CNN,|OM|Malayali,
CNN,|SA|Malayali,
CNS,|AU|Indian,
CNS,Seafood,
CNS,Sugar,
CNX,Chinese Tourism|,
CNX,Spices / Tropical Ag,
CNX,Sugar,
COK,|AE|Malayali,
COK,|MY|Malayali,
COK,|OM|Malayali,
COK,|SA|Malayali,
COK,Indian Ocean Fishing,
COK,Petrochemicals,
COK,Rare earths,
COK,Spices / Tropical Ag,
COK,Back office,
COR,Agribusiness,
COR,CPG & Retail,
COR,Loves Florianopolis x2|,
COR,Ranching,
COV,Logistics EU Med,
COV,Mediterranean Ag,
CPD,Oil Fracking,
CPE,Pemex,
CPH,|DK|Turkish,
CPH,Dairy,
CPH,Jutland capital journeys,
CPH,Life sciences,
CPH,Marine,
CPH,Renewables,
CPH,Wind energy,
CPO,Copper,
CPR,Coal,
CPT,Logistics MEA,
CPT,Mediterranean Ag,
CPT,Viticulture,
CPT,Back office,
CRK,|IE|Filipino,
CRK,|IT|Filipino,
CRK,|US|Filipino,
CRK,CPG & Retail,
CRK,Dark economy,
CRK,Electronics,
CRK,Back office,
CRL,Healthcare,
CRP,Hispanic|,
CRP,Offshore oil,
CRP,Ranching,
CRP,Wind energy,
CRW,Coal,
CRZ,Oil,
CSX,Agribusiness,
CSX,Chinese Tourism|,
CSX,Electronics,
CSX,Industrial automation,
CSX,Steel,
CTA,|AU|Italian,
CTA,|BR|Italian,
CTA,|US|Italian,
CTG,Petrochemicals,
CTM,Pemex,
CTS,Arctic Fishing,
CTS,Whiskey,
CTU,Agribusiness,
CTU,Automotive,
CTU,Banking,
CTU,Electronics,
CTU,Life sciences,
CTU,New energy,
CTU,Spirituality,
CUL,Drug trafficking,
CUL,Latifundia Legacy,
CUN,|MX|Bolivian,
CUN,Anglophone|,
CUN,Casinos,
CUN,Dark economy,
CUN,Loves Cancun x2|,
CUU,Appliances,
CUU,Automotive,
CUU,Logistics NAC,
CUZ,Colonial ties bind,
CVG,Industrial automation,
CVG,Logistics NAC,
CVG,US Finance,
CWA,Maple Syrup,
CWB,|BR|Nikkei,
CWB,Appliances,
CWB,Dairy,
CWB,UFOs,
CXR,Chinese Tourism|,
CXR,Korean Vacay x2|,
CXR,Russian Vacay Destination x2|,
CXR,Seafood,
CYI,Oil Refining,
CZL,|FR|Algerian x2,
CZM,Loves Cancun x2|,
CZX,Coal CN,
CZX,Industrial automation,
CZX,New energy,
DAC,|SA|Bangladeshi,
DAC,Banking,
DAC,Tea,
DAC,Textiles,
DAD,|AU|Vietnamese,
DAD,|JP|Vietnamese,
DAD,|US|Vietnamese,
DAD,Appliances,
DAD,Drug trafficking,
DAD,Korean Vacay x2|,
DAD,Seafood,
DAL,Aerospace,
DAL,Arctic Oil,
DAL,Industrial automation,
DAL,Oil,
DAL,Oil Fracking,
DAL,Ranching,
DAL,Telco,
DAM,|BR|Syrian,
DAM,|NL|Syrian,
DAM,Shia|,
DAR,Logistics MEA,
DAY,Healthcare,
DBV,Mediterranean Ag,
DCA,Banking,
DCA,Bureaucracy,
DCA,Defense,
DCA,High finance,
DCA,NA Capitols|,
DCA,Space,
DDC,Grain Belt,
DED,Spirituality,
DEL,Banking,
DEL,Bollywood 2 Bureaucracy x2,
DEL,Bureaucracy,
DEL,CPG & Retail,
DEL,Sunni|,
DEN,|US|Ethiopian,
DEN,Aerospace,
DEN,Gold,
DEN,Logistics NAC,
DEN,Renewables,
DEN,Software,
DEN,US Finance,
DFW,|US|Chinese,
DFW,|US|Durango & Zacatecas,
DFW,|US|Indian,
DFW,|US|Jalisco & Michoacán,
DFW,Caribbean Vacay x2|,
DFW,Oil,
DFW,Semiconductors,
DFW,Telco,
DFW,US Finance,
DGO,|US|Durango & Zacatecas,
DGT,Geothermal,
DHA,Oil,
DIB,Oil,
DIK,Oil Fracking,
DIL,Offshore oil,
DLA,Logistics MEA,
DLA,Offshore oil,
DLC,Marine,
DLC,Seafood,
DLC,Sinopec,
DLC,Software,
DLG,Arctic Oil,
DLH,Nordic / Lutheran|,
DLI,Korean Vacay x2|,
DME,|RU|Armenian,
DME,Defense RU,
DME,Defense RU,
DME,Nickel,
DME,PDVSA,
DME,Petrochemicals,
DME,Russian Vacay Destination x2|,
DMK,|TH|Chinese,
DMK,Appliances,
DMK,Chinese Tourism|,
DMK,Rice,
DMM,|SA|Bangladeshi,
DMM,|SA|Egyptian,
DMM,|SA|Malayali,
DMM,|SA|Pakistani,
DMM,Offshore oil,
DMM,Oil,
DMM,|SA|Indonesian,
DND,Equinor,
DNZ,Geothermal,
DOH,LNG,
DOH,Logistics MEA,
DOH,NIOC,
DOH,Offshore oil,
DOL,Logistics EU Med,
DOU,Ranching,
DOY,Sinopec,
DPS,|ID|Chinese,
DPS,|ID|Tamil,
DPS,|NL|Indonesian,
DPS,|SR|Indonesian,
DPS,Chinese Tourism|,
DPS,Loves Bali x2|,
DPS,Offshore oil,
DPS,Surfing,
DQA,PetroChina,
DRP,Geothermal,
DRS,Pharma,
DRS,Semiconductors,
DRW,Defense,
DRW,Offshore oil,
DRW,Seafood,
DSM,|US|Jalisco & Michoacán,
DSM,Agribusiness,
DSM,Grain Belt,
DSN,Coal CN,
DSN,PetroChina,
DSS,Logistics MEA,
DSS,Oil Refining,
DTM,|DE|Serbian,
DTM,Industrial automation,
DTM,Logistics EU Med,
DTM,Loves Arctic|,
DTM,Loves Bolzano x2|,
DTW,Automotive,
DTW,Caribbean Vacay x2|,
DTW,Healthcare,
DTW,Sunni|,
DTW,US Finance,
DUB,|IE|Polish,
DUB,|US|Irish American,
DUB,Golf,
DUB,High finance,
DUB,US Finance,
DUB,Whiskey,
DUB,Back office,
DUB,Back office,
DUD,Academia,
DUR,|ZA|Ethiopian,
DUR,Agribusiness,
DUR,Logistics MEA,
DUS,|DE|Serbian,
DUS,Banking,
DUS,Loves Arctic|,
DUS,Loves Bolzano x2|,
DUS,Telco,
DUT,Arctic Fishing,
DVL,Grain Belt,
DVO,|IE|Filipino,
DVO,|IT|Filipino,
DVO,|US|Filipino,
DVO,Spices / Tropical Ag,
DWC,|AE|Pakistani,
DWC,Aluminum,
DXB,|AE|Malayali,
DXB,|AE|Pakistani,
DXB,Global Logistics,
DXB,Gold,
DXB,High finance,
DXB,Oil,
DXB,Petrochemicals,
DYU,Logistics CIS,
DYU,Oil,
EAT,Horticulture,
EAU,|US|Somali,
EAU,Nordic / Lutheran|,
EAU,Paper & Furniture,
EBD,Gold,
EBJ,Equinor,
EBJ,Wind energy,
EBL,|SE|Iraqi,
EBL,Oil,
ECN,Sunni|,
ECN,Turkish|,
EDI,|UK|Polish,
EDI,Academia,
EDI,Banking,
EDI,Golf,
EDI,Whiskey,
EG1,Academia,
EG9,Academia,
EGA,Anglophone,
EGR,Anglophone,
EH1,Equinor,
EIN,CPG & Retail,
EIN,Dairy,
EIS,High finance,
EJA,Coal,
ELG,Gold,
ELP,Hispanic|,
ELP,Horticulture,
ELP,Logistics NAC,
ELP,Petrochemicals,
ELS,Automotive,
ELS,Platinum,
EMA,Aerospace,
EMA,Logistics EU Med,
EMD,Coal,
EMD,Horticulture,
ENA,LNG,
END,Equinor,
ENO,Grain Belt,
ENQ,Equinor,
ENX,Equinor,
ESB,|DK|Turkish,
ESB,|NL|Turkish,
ESB,|TR|Iraqi,
ESB,Bureaucracy,
ESM,Latifundia Legacy,
EUG,Academia,
EUG,Footwear,
EUG,Spirituality,
EVN,|FR|Armenian,
EVN,|RU|Armenian,
EVN,Logistics CIS,
EWR,|US|Brazilian,
EWR,|US|Chinese,
EWR,|US|Indian,
EWR,|US|Jewish,
EWR,|US|Nigerian,
EWR,|US|Pakistani,
EWR,Global Logistics,
EWR,Pharma,
EWR,Software,
EWR,US Finance,
EXT,Wind energy,
EZE,|AR|Bolivian,
EZE,|US|Jewish,
EZE,Banking,
EZE,Logistics LATAM,
EZE,Loves Florianopolis x2|,
FAI,Arctic Oil,
FAI,Boreal,
FAI,Loves Arctic|,
FAI,Santa,
FAO,Atlantic Fishing,
FAO,Mediterranean Ag,
FAR,Grain Belt,
FAR,Nordic / Lutheran|,
FAT,|US|Guerrero & Oaxaca,
FAT,Grain Belt,
FBM,|CD|Congolese,
FBM,Copper,
FBM,Uranium,
FCN,Atlantic Fishing,
FCO,|AU|Italian,
FCO,|BR|Italian,
FCO,|IT|Filipino,
FCO,|US|Italian,
FCO,Telco,
FDF,Loves French Antilles,
FEZ,|FR|Moroccan,
FEZ,|NL|Moroccan,
FEZ,Mediterranean Ag,
FIH,|CD|Congolese,
FIH,Gemstones,
FJR,|AE|Malayali,
FKB,Paper & Furniture,
FLG,Spirituality,
FLL,|CU|Cuban x2,
FLL,|US|Colombian,
FLL,|US|Jewish,
FLL,|US|Venezuelan,
FLL,CC|,
FLL,Hispanic|,
FLL,Logistics LATAM,
FLN,Loves Florianopolis x2|,
FLN,Surfing,
FLR,Textiles,
FLR,Viticulture,
FMM,Loves Arctic|,
FMM,Loves Bolzano x2|,
FMO,Paper & Furniture,
FNJ,Dark economy,
FNT,Automotive,
FOC,|AU|Chinese,
FOC,|CA|Chinese,
FOC,|ID|Chinese,
FOC,|TH|Chinese,
FOC,|US|Chinese,
FOC,Chinese Tourism|,
FOC,Footwear,
FOC,Logistics APAC,
FOR,Petrobras,
FOR,Textiles,
FRA,|DE|Serbian,
FRA,|DE|Turkish,
FRA,Global Logistics,
FRA,High finance,
FRA,Industrial automation,
FRA,Loves Arctic|,
FRA,Loves Bolzano x2|,
FRA,New energy,
FRA,Pharma,
FRU,Agriculture,
FSD,Grain Belt,
FSD,Nordic / Lutheran|,
FSD,US Finance,
FSM,Cotton,
FSP,Atlantic Fishing,
FSP,Loves French Antilles,
FSZ,Appliances,
FSZ,Heavy industry,
FUK,|JP|Korean,
FUK,Electronics,
FUK,Industrial automation,
FUK,Software,
FUO,Appliances,
FUO,Automotive,
FUO,Electronics,
FUO,Petrochemicals,
FWA,Academia,
GAU,Agriculture,
GAU,Sunni|,
GAU,Tea,
GAY,Spirituality,
GBB,Agriculture,
GBB,Cotton,
GBE,Diamonds,
GBJ,Loves French Antilles,
GCH,NIOC,
GCK,Wind energy,
GDL,|US|Jalisco & Michoacán,
GDL,CPG & Retail,
GDL,Software,
GDL,Textiles,
GDN,|IE|Polish,
GDN,|US|Polish,
GDN,Marine,
GDN,Wind energy,
GDX,Arctic Fishing,
GDX,Gazprom,
GDX,Gold,
GEG,Forestry,
GEO,Oil,
GFK,Nordic / Lutheran|,
GIB,Casinos,
GIB,High finance,
GIB,Logistics EU Med,
GIG,|US|Brazilian,
GIG,Entertainment,
GIG,Offshore oil,
GIG,Oil,
GIG,Petrobras,
GIG,Telco,
GIZ,|SA|Bangladeshi,
GIZ,|SA|Egyptian,
GIZ,|SA|Malayali,
GIZ,|SA|Pakistani,
GIZ,Horticulture,
GIZ,Oil refining,
GJL,|FR|Algerian x2,
GLA,Defense,
GLA,Heavy industry,
GLA,Marine,
GLA,Whiskey,
GLH,Rice,
GLT,LNG,
GMO,|US|Nigerian,
GMO,Dark economy,
GMP,|JP|Korean,
GMP,|US|Korean,
GMP,Appliances,
GMP,CPG & Retail,
GMP,Electronics,
GMP,Industrial automation,
GNV,Academia,
GNY,Footwear,
GOA,Logistics EU Med,
GOA,Marine,
GOA,Russian Vacay Destination x2|,
GOH,Arctic Fishing,
GOH,Loves Arctic|,
GOJ,Automotive,
GOM,Rwanda Rundi|,
GOT,Automotive,
GOT,Life sciences,
GOT,Marine,
GOV,Bauxite,
GPT,Aerospace,
GPT,Casinos,
GPT,ExxonMobil,
GRB,Dairy,
GRB,Maple Syrup,
GRK,Ranching,
GRO,Mediterranean Ag,
GRR,Industrial automation,
GRU,|BR|Bolivian,
GRU,|BR|Italian,
GRU,|BR|Nikkei,
GRU,|BR|Syrian,
GRU,|US|Brazilian,
GRU,Aerospace,
GRU,Banking,
GRV,Defense RU,
GSO,Paper & Furniture,
GSP,Appliances,
GTE,Bauxite,
GUA,|US|Guatemalan,
GUA,Latifundia Legacy,
GUM,Defense,
GUR,Seafood,
GUW,ExxonMobil,
GUW,Gazprom,
GUW,Oil,
GUW,Uranium,
GVA,Banking,
GVA,Bureaucracy,
GVA,CPG & Retail,
GVA,Francophonie|,
GVA,High finance,
GVR,Gemstones,
GWY,|US|Irish American,
GYA,Drug trafficking,
GYD,Horticulture,
GYD,LNG,
GYD,Offshore oil,
GYE,|ES|Ecuadorian,
GYE,|US|Ecuadorian,
GYE,Coffee,
GYE,Latifundia Legacy,
GYE,Logistics LATAM,
GYN,Ranching,
GYN,Sugar,
GZO,Seafood,
HAJ,Automotive,
HAJ,Loves Arctic|,
HAJ,Loves Bolzano x2|,
HAJ,Nordic / Lutheran|,
HAK,Rice,
HAK,Spices / Tropical Ag,
HAM,|DE|Afghan,
HAM,|DE|Iranian,
HAM,|DE|Turkish,
HAM,Aerospace,
HAM,Logistics EU Med,
HAM,Loves Arctic|,
HAM,Loves Bolzano x2|,
HAM,Marine,
HAM,Renewables,
HAN,|AU|Vietnamese,
HAN,|JP|Vietnamese,
HAN,|US|Hmong,
HAN,|US|Vietnamese,
HAN,CPG & Retail,
HAN,Electronics,
HAN,Tea,
HAU,Equinor,
HBE,Logistics EU Med,
HBX,Agriculture,
HEH,Dark economy,
HEL,Marine,
HEL,Telco,
HFA,Logistics EU Med,
HFA,Software,
HFE,Appliances,
HFE,Coal CN,
HFE,CPG & Retail,
HFE,New energy,
HGA,|NO|Somali,
HGA,|US|Somali,
HGH,|AU|Chinese,
HGH,|CA|Chinese,
HGH,|ID|Chinese,
HGH,|TH|Chinese,
HGH,|US|Chinese,
HGH,Academia,
HGH,Chinese Tourism|,
HGH,CPG & Retail,
HGH,New energy,
HGH,Software,
HGH,Textiles,
HHN,Loves Arctic|,
HHN,Loves Bolzano x2|,
HHN,Wind energy,
HHP,Banking,
HHP,High finance,
HIJ,Automotive,
HIJ,Heavy industry,
HJJ,Zinc-lead,
HKG,Cantonese|,
HKG,Global Logistics,
HKG,High finance,
HKG,HK Taiwan Kinship|,
HKG,Logistics APAC,
HKG,Textiles,
HKG,Toys,
HKT,Chinese Tourism|,
HKT,Drug trafficking,
HKT,Indian Ocean Fishing,
HKT,Loves Phuket x2|,
HKT,Russian Vacay Destination x2|,
HKT,Spices / Tropical Ag,
HLA,Gold,
HLD,Coal CN,
HLD,Ranching,
HLD,Rare earths,
HLE,Commonwealth Binds,
HLN,Forestry,
HLZ,Agribusiness,
HLZ,Dairy,
HLZ,Viticulture,
HMO,Automotive,
HMO,Drug trafficking,
HND,|BR|Nikkei,
HND,|JP|Korean,
HND,|JP|Vietnamese,
HND,|MP|Nikkei,
HND,|PE|Nikkei,
HND,|US|Nikkei,
HND,Automotive,
HND,Industrial automation,
HND,New energy,
HND,Semiconductors,
HND,Telco,
HNL,|US|Filipino,
HNL,|US|Nikkei,
HNL,|US|Samoan,
HNL,Defense,
HNL,PIF|,
HNL,Surfing,
HNM,PIF|,
HOB,Oil Fracking,
HOD,Shia|,
HOM,Arctic Fishing,
HOU,|US|Durango & Zacatecas,
HOU,Healthcare,
HOU,LNG,
HOU,Offshore oil,
HOU,Oil,
HOU,Oil Fracking,
HOU,Oil Refining,
HOU,Space,
HPH,|JP|Vietnamese,
HPN,|US|Ecuadorian,
HPN,|US|Guatemalan,
HPN,|US|Irish American,
HPN,Hispanic|,
HRB,Agribusiness,
HRB,Chinese Tourism|,
HRB,Pharma,
HRE,Platinum,
HRE,Rare earths,
HRE,Zim Connect x2,
HRG,Russian Vacay Destination x2|,
HRH,Shia|,
HRH,Sunni|,
HRL,Hispanic|,
HSA,Uranium,
HSC,Zinc-lead,
HSG,Spirituality,
HSV,Academia,
HSV,Defense,
HSV,Space,
HTA,Coal RU,
HTA,Rosneft,
HTA,Taiga,
HTN,Sunni|,
HTS,Coal,
HTS,Gemstones,
HTY,Mediterranean Marine,
HUI,Agriculture,
HUI,Surfing,
HUX,Surfing,
HUY,Wind energy,
HUZ,Electronics,
HUZ,New energy,
HVG,Aluminum,
HVN,|US|Stateside Puerto Ricans,
HVN,Academia,
HVR,Zinc-lead,
HYD,|CA|Telugu,
HYD,Pharma,
HYD,Shia|,
HYD,Software,
HYD,Back office,
HYN,Rice,
HYN,Tea,
IAD,|US|Ethiopian,
IAD,|US|Guatemalan,
IAD,|US|Indian,
IAD,|US|Jewish,
IAD,|US|Korean,
IAD,Bureaucracy,
IAD,Defense,
IAD,NA Capitols|,
IAD,Software,
IAH,|US|Chinese,
IAH,|US|Indian,
IAH,|US|Nigerian,
IAH,|US|Pakistani,
IAH,|US|Vietnamese,
IAH,Equinor,
IAH,ExxonMobil,
IAH,Hispanic|,
IAH,Oil,
IAH,Petrochemicals,
IAH,Software,
IAO,Surfing,
IAS,Steel,
IAS,Viticulture,
IBR,Space,
ICN,|JP|Korean,
ICN,|US|Korean,
ICN,Automotive,
ICN,Electronics,
ICN,High finance,
ICN,Renewables,
ICN,Semiconductors,
ICT,|US|Jalisco & Michoacán,
ICT,Aerospace,
ICT,Heavy industry,
IDA,Gemstones,
IDR,Agriculture,
IEV,Grain Belt,
IFJ,Geothermal,
IFN,|DE|Iranian,
IFN,|TR|Iranian,
IFN,|US|Iranian x2,
IFN,Steel,
IGS,Automotive,
IGU,|BR|Nikkei,
IGU,UFOs,
IKA,|DE|Iranian,
IKA,|TR|Iranian,
IKA,|US|Iranian x2,
IKA,Automotive,
IKA,NIOC,
IKA,Oil,
IKT,Gold,
IKT,Rosneft,
IKT,Taiga,
ILG,US Finance,
ILM,Forestry,
ILO,Rice,
ILR,|US|Nigerian,
ILY,Atlantic Fishing,
IMP,Latifundia Legacy,
IMT,Maple Syrup,
INC,Sunni|,
IND,|US|Jalisco & Michoacán,
IND,Academia,
IND,Industrial automation,
IND,Logistics NAC,
IND,Pharma,
INN,Loves Tiroler Unterlan x2|,
INV,Defense,
INV,Whiskey,
INW,UFOs,
IOS,Petrobras,
IPN,Heavy industry,
IPT,Oil Fracking,
IQM,Gold,
IQQ,Copper,
IQQ,Zinc-lead,
IQT,Amazonia,
IQT,Forestry,
ISA,Copper,
ISA,Zinc-lead,
ISB,|US|Pakistani,
ISK,Horticulture,
ISP,|US|Salvadoran,
IST,|DK|Turkish,
IST,|NL|Turkish,
IST,|TR|Afghan,
IST,|TR|Iranian,
IST,|TR|Iraqi,
IST,Banking,
IST,CPG & Retail,
IST,Logistics APAC,
IST,Logistics CIS,
ISU,|SE|Iraqi,
ISU,|TR|Iraqi,
ISU,Shia|,
ITH,Academia,
ITH,Dairy,
ITM,|JP|Korean,
ITM,|JP|Korean,
ITM,|JP|Vietnamese,
ITM,Electronics,
ITM,Industrial automation,
ITO,PIF|,
IWD,Maple Syrup,
IWK,Defense,
IWK,Petrochemicals,
IXA,Paper & Furniture,
IXB,Tea,
IXC,|CA|Punjabi,
IXC,Software,
IXE,|AE|Kannada,
IXE,|OM|Kannada,
IXE,Marine,
IXG,Sugar,
IXM,|AE|Tamil,
IXM,|ID|Tamil,
IXM,|MY|Tamil,
IXM,Healthcare,
IXR,Paper & Furniture,
IXR,Rice,
IXR,Textiles,
IXS,Sunni|,
IXS,Tea,
IXU,|SG|Marathi,
IXU,Gemstones,
IXU,Sugar,
IZO,Agriculture,
IZO,Seafood,
JAI,Agriculture,
JAI,Gemstones,
JAN,Heavy industry,
JAU,Copper,
JAV,Arctic Fishing,
JAX,Defense,
JAX,Logistics NAC,
JAX,US Finance,
JBQ,Sugar,
JBR,Rice,
JED,|SA|Bangladeshi,
JED,|SA|Egyptian,
JED,|SA|Malayali,
JED,|SA|Pakistani,
JED,Logistics MEA,
JED,|SA|Indonesian,
JFK,|US|Jewish,
JFK,|US|Ukrainian,
JFK,Banking,
JFK,Cantonese|,
JFK,CC|,
JFK,Entertainment,
JFK,High finance,
JFK,Hispanic|,
JFK,Software,
JGA,Oil Refining,
JGD,Gemstones,
JGD,Gold,
JGN,Space,
JGS,Rice,
JHB,|MY|Malayali,
JHB,Electronics,
JHB,Logistics APAC,
JIB,Logistics MEA,
JIL,PetroChina,
JIU,Horticulture,
JJN,Footwear,
JLR,Sugar,
JNB,|ZA|Ethiopian,
JNB,Agriculture,
JNB,Copper,
JNB,Diamonds,
JNB,Gold,
JNB,Logistics MEA,
JNB,Platinum,
JNB,Rare earths,
JNB,Uranium,
JNU,Arctic Fishing,
JNZ,Horticulture,
JNZ,Textiles,
JOG,Spices / Tropical Ag,
JOI,Automotive,
JRA,Banking,
JRA,Banking,
JRA,High finance,
JRB,Banking,
JRB,Banking,
JRB,High finance,
JRG,Aluminum,
JRG,Coal,
JRO,Coffee,
JRO,Nordic / Lutheran|,
JRO,Ranching,
JRT,Amazonia,
JSR,Rice,
JTC,Latifundia Legacy,
JUJ,Latifundia Legacy,
JWA,Diamonds,
JXA,Gemstones,
JZH,Aluminum,
KBL,|DE|Afghan,
KBL,|PK|Afghan,
KBL,|TR|Afghan,
KBL,Drug trafficking,
KBL,Pashto|,
KBP,Grain Belt,
KCH,Forestry,
KCH,Oil Refining,
KCT,Surfing,
KCZ,Forestry,
KCZ,Rice,
KCZ,Seafood,
KDH,Drug trafficking,
KDH,Pashto|,
KEF,Aluminum,
KEF,Atlantic Fishing,
KEF,Geothermal,
KEJ,Coal RU,
KER,Copper,
KGD,Defense RU,
KGF,Zinc-lead,
KGI,Gold,
KGI,Nickel,
KGI,Rare earths,
KGL,Gold,
KHG,Sunni|,
KHG,Zinc-lead,
KHH,HK Taiwan Kinship|,
KHH,Logistics APAC,
KHH,Paper & Furniture,
KHH,Seafood,
KHH,|TW|Indonesian,
KHI,|AE|Pakistani,
KHI,|PK|Afghan,
KHI,|SA|Pakistani,
KHI,|UK|Pakistani,
KHI,|US|Pakistani,
KHI,Banking,
KHI,Textiles,
KHI,Back office,
KHK,NIOC,
KHN,Aerospace,
KHN,Cotton,
KHN,Footwear,
KHN,Uranium,
KHS,Oil,
KHV,Gazprom,
KHV,Heavy industry,
KHV,Russian Vacay Destination x2|,
KHV,Taiga,
KIN,Drug trafficking,
KIN,Sugar,
KIR,Atlantic Fishing,
KIT,Copper,
KIX,|BR|Nikkei,
KIX,|JP|Korean,
KIX,|JP|Vietnamese,
KIX,|MP|Nikkei,
KIX,|PE|Nikkei,
KIX,|US|Nikkei,
KIX,Banking,
KIX,Electronics,
KIX,Semiconductors,
KIX,Whiskey,
KJA,Aerospace,
KJA,Aluminum,
KJA,Coal RU,
KJA,Gold,
KJA,Rosneft,
KJA,Russian Vacay Destination x2|,
KJA,Taiga,
KJT,Tea,
KKJ,Steel,
KME,|US|Salvadoran,
KMG,|AU|Chinese,
KMG,|CA|Chinese,
KMG,|ID|Chinese,
KMG,|TH|Chinese,
KMG,|US|Chinese,
KMG,Bauxite,
KMG,Chinese Tourism|,
KMG,Academia,
KMG,Horticulture,
KMG,Rare earths,
KMI,Agribusiness,
KMI,Spirituality,
KMQ,Electronics,
KNO,Coffee,
KNO,Logistics APAC,
KNO,Spices / Tropical Ag,
KNX,Diamonds,
KOA,Horticulture,
KOA,PIF|,
KOA,Surfing,
KOJ,Geothermal,
KOJ,Seafood,
KOJ,Space,
KOJ,Spirituality,
KOS,Dark economy,
KOS,Indian Ocean Fishing,
KOS,|KH|Indonesian,
KPO,Steel,
KRK,|IE|Polish,
KRK,|US|Polish,
KRK,Software,
KRK,Steel,
KRK,Back office,
KRL,PetroChina,
KRO,Rosneft,
KRR,|RU|Armenian,
KRR,Aluminum,
KRR,Grain Belt,
KRS,Aluminum,
KRS,Equinor,
KRT,Oil,
KRT,Oil Refining,
KRW,LNG,
KRW,Offshore oil,
KRY,PetroChina,
KSH,Cotton,
KSU,Equinor,
KTA,LNG,
KTA,Offshore oil,
KTM,Spirituality,
KTN,Arctic Fishing,
KTT,Loves Arctic|,
KTW,Automotive,
KTW,Heavy industry,
KUA,Bauxite,
KUA,Petrochemicals,
KUF,Aerospace,
KUF,Gazprom,
KUF,Heavy industry,
KUF,Russian Vacay Destination x2|,
KUL,|MY|Malayali,
KUL,|MY|Tamil,
KUL,Appliances,
KUL,Banking,
KUL,Cantonese|,
KUL,Logistics APAC,
KVA,Loves Kavala x2|,
KVA,Mediterranean Marine,
KWA,Defense,
KWE,Bauxite,
KWE,Chinese Tourism|,
KWE,CPG & Retail,
KWE,Logistics APAC,
KWI,Oil,
KWI,Oil Refining,
KWJ,Heavy industry,
KWL,Logistics APAC,
KWL,Rice,
KWL,Sugar,
KWZ,Copper,
KXB,Nickel,
KZN,Aluminum,
KZN,Russian Vacay Destination x2|,
KZO,Oil Refining,
KZO,Space,
KZO,Uranium,
LAD,Logistics MEA,
LAD,Oil,
LAD,Sinopec,
LAE,Coffee,
LAE,ExxonMobil,
LAE,Gold,
LAN,Academia,
LAS,Casinos,
LAS,Hispanic|,
LAS,UFOs,
LAU,Logistics MEA,
LAX,|US|Chinese,
LAX,|US|Filipino,
LAX,|US|Iranian x2,
LAX,|US|Korean,
LAX,|US|Vietnamese,
LAX,Banking,
LAX,Drug trafficking,
LAX,Entertainment,
LAX,Hispanic|,
LAX,SoCal NoCal,
LBA,|GB|Indian,
LBA,|UK|Pakistani,
LBA,Oil Fracking,
LBB,Ranching,
LBB,Wind energy,
LBC,Logistics EU Med,
LBC,Loves Arctic|,
LBC,Nordic / Lutheran|,
LBD,Agriculture,
LBL,Ranching,
LBS,Agriculture,
LBV,Offshore oil,
LCA,EU|,
LCA,Greek|,
LCA,Marine,
LCA,Russian Vacay Destination x2|,
LCH,Petrochemicals,
LCJ,Appliances,
LCK,|US|Somali,
LCX,Copper,
LCY,|UK|Jewish,
LCY,Academia,
LCY,Banking,
LCY,Diamonds,
LCY,High finance,
LDE,Spirituality,
LEA,Gemstones,
LEA,Gold,
LED,|RU|Armenian,
LED,Defense RU,
LED,Gazprom,
LED,Gazprom,
LED,Heavy industry,
LED,Logistics CIS,
LED,Russian Vacay Destination x2|,
LEJ,Automotive,
LEJ,LNG,
LEJ,Logistics EU Med,
LEJ,Loves Arctic|,
LEJ,Loves Bolzano x2|,
LER,Gold,
LER,Rare earths,
LEX,Academia,
LEX,Coal,
LEX,Whiskey,
LFT,ExxonMobil,
LFT,Offshore oil,
LGA,|US|Indian,
LGA,|US|Jewish,
LGA,|US|Korean,
LGA,|US|Polish,
LGA,|US|Stateside Puerto Ricans,
LGA,Academia,
LGA,Banking,
LGA,CPG & Retail,
LGA,Software,
LGA,US Finance,
LGB,|US|Nikkei,
LGB,|US|Salvadoran,
LGB,|US|Samoan,
LGB,Defense,
LGB,Global Logistics,
LGB,Logistics NAC,
LGB,SoCal NoCal,
LGB,Toys,
LGK,|MY|Tamil,
LGW,|GB|Indian,
LGW,|UK|Nigerian,
LGW,|UK|Polish,
LGW,Automotive,
LGW,Banking,
LGW,Commonwealth Binds,
LGW,Healthcare,
LHE,|AE|Pakistani,
LHE,|SA|Pakistani,
LHE,|UK|Pakistani,
LHE,|US|Pakistani,
LHE,Dairy,
LHE,Footwear,
LHE,Back office,
LHR,|GB|Indian,
LHR,|UK|Nigerian,
LHR,|UK|Pakistani,
LHR,Academia,
LHR,Bengali|,
LHR,Bureaucracy,
LHR,Commonwealth Binds,
LHR,High finance,
LHR,Oil,
LHR,Software,
LHW,Aluminum,
LHW,Heavy industry,
LHW,Petrochemicals,
LHW,PetroChina,
LIH,PIF|,
LIM,|PE|Nikkei,
LIM,|PE|Venezuelan,
LIM,Colonial ties bind,
LIM,Copper,
LIM,Logistics LATAM,
LIM,Zinc-lead,
LIN,|IT|Romanian,
LIN,CPG & Retail,
LIN,Heavy industry,
LIO,Horticulture,
LIR,Latifundia Legacy,
LIS,Logistics EU Med,
LIS,Marine,
LIS,Mediterranean Ag,
LJU,Pharma,
LKO,Rice,
LKO,Shia|,
LLA,Steel,
LLF,Rare earths,
LLW,Agriculture,
LNK,Academia,
LNK,Oil Fracking,
LNL,Gold,
LNY,PIF|,
LNZ,Healthcare,
LOP,Gemstones,
LOS,|UK|Nigerian,
LOS,|US|Nigerian,
LOS,Entertainment,
LOS,Logistics MEA,
LOS,Oil,
LOS,Sinopec,
LPA,Atlantic Fishing,
LPB,|AR|Bolivian,
LPB,|BR|Bolivian,
LPL,|GB|Indian,
LPL,Marine,
LPL,Wind energy,
LPQ,Drug trafficking,
LPT,Sugar,
LRD,Hispanic|,
LRD,Oil Fracking,
LRM,Caribbean Vacay x2|,
LRM,Sugar,
LSC,Viticulture,
LTN,|GB|Indian,
LTN,|UK|Jewish,
LTN,Life sciences,
LUA,Spirituality,
LUG,Italian|,
LUN,Agriculture,
LUN,Anglophone|,
LUN,Copper,
LUX,High finance,
LUX,Logistics EU Med,
LUX,Steel,
LVO,Gold,
LW0,Banking,
LW0,High finance,
LWK,Equinor,
LXA,PetroChina,
LXA,Spirituality,
LYA,Paper & Furniture,
LYG,Steel,
LYP,Cotton,
LYR,Academia,
LYR,Loves Arctic|,
LYS,|FR|Algerian x2,
LYS,|FR|Armenian,
LYS,|FR|Serbian,
LYS,CPG & Retail,
LYS,Pharma,
LYS,Software,
MAA,|AE|Tamil,
MAA,|ID|Tamil,
MAA,|MY|Tamil,
MAA,Automotive,
MAA,Footwear,
MAA,Healthcare,
MAD,|ES|Ecuadorian,
MAD,|ES|Peruvian,
MAD,Colonial ties bind,
MAD,Logistics EU Med,
MAD,Telco,
MAF,|US|Durango & Zacatecas,
MAF,Cotton,
MAF,Oil Fracking,
MAK,Oil,
MAN,|GB|Indian,
MAN,|UK|Pakistani,
MAN,|UK|Polish,
MAN,Bengali|,
MAN,Heavy industry,
MAN,Pharma,
MAN,Back office,
MAO,Amazonia,
MAO,Appliances,
MAO,Drug trafficking,
MAO,Forestry,
MAO,Horticulture,
MAO,Offshore oil,
MAO,Petrobras,
MAR,|CL|Venezuelan,
MAR,|PE|Venezuelan,
MAR,|US|Venezuelan,
MAR,Latifundia Legacy,
MAR,PDVSA,
MB1,Academia,
MBA,Logistics MEA,
MBJ,Caribbean Vacay x2|,
MCH,Latifundia Legacy,
MCI,|US|Jalisco & Michoacán,
MCI,Agribusiness,
MCI,Grain Belt,
MCI,Telco,
MCO,|US|Brazilian,
MCO,|US|Stateside Puerto Ricans,
MCO,Caribbean Vacay x2|,
MCO,Defense,
MCO,Golf,
MCP,Amazonia,
MCP,Paper & Furniture,
MCT,|OM|Malayali,
MCT,Offshore oil,
MCT,Oil,
MCZ,Petrobras,
MCZ,Sugar,
MDC,Nickel,
MDE,|CL|Colombian,
MDE,|MX|Colombian,
MDE,|US|Colombian,
MDE,Andean connect,
MDE,Colonial ties bind,
MDE,Drug trafficking,
MDE,Horticulture,
MDE,Logistics LATAM,
MDQ,Seafood,
MDT,Healthcare,
MDW,|US|Italian,
MDW,|US|Polish,
MDW,|US|Stateside Puerto Ricans,
MDW,Academia,
MDW,Caribbean Vacay x2|,
MDW,CPG & Retail,
MDY,Rice,
MDZ,Loves Florianopolis x2|,
MDZ,Oil Fracking,
MDZ,Viticulture,
MEA,Petrobras,
MEL,|AU|Chinese,
MEL,|AU|Greek,
MEL,|AU|Italian,
MEL,|AU|Vietnamese,
MEL,Banking,
MEL,Copper,
MEL,Footie Traffic x2,
MEL,Logistics APAC,
MEL,Pharma,
MEM,Agribusiness,
MEM,Global Logistics,
MEM,Logistics NAC,
MEX,|ES|Peruvian,
MEX,|MX|Bolivian,
MEX,|MX|Colombian,
MEX,Bureaucracy,
MEX,Logistics LATAM,
MEX,Logistics NAC,
MEX,NA Capitols|,
MEX,Pemex,
MFE,Hispanic|,
MFM,Cantonese|,
MFM,Casinos,
MFM,Dark economy,
MFR,|US|Jalisco & Michoacán,
MFR,Forestry,
MFR,Horticulture,
MFR,Viticulture,
MGA,Ranching,
MGQ,|NO|Somali,
MGQ,|US|Somali,
MGZ,Gemstones,
MHD,Pilgrimage x2|,
MHG,Wind energy,
MHT,|US|Irish American,
MIA,|CU|Cuban x2,
MIA,|US|Jewish,
MIA,|US|Venezuelan,
MIA,CC|,
MIA,Drug trafficking,
MIA,Entertainment,
MIA,Hispanic|,
MIA,Logistics LATAM,
MIA,Lusophone|,
MID,Drug trafficking,
MID,Pemex,
MIM,Seafood,
MIR,Mediterranean Marine,
MIR,Offshore oil,
MIR,Spices / Tropical Ag,
MJY,Aluminum,
MJZ,Diamonds,
MJZ,Gemstones,
MKE,Dairy,
MKE,Healthcare,
MKE,Industrial automation,
MKE,Nordic / Lutheran|,
MKE,US Finance,
MKY,Coal,
MKY,Sugar,
MLB,Space,
MLE,Indian Ocean Fishing,
MLH,Pharma,
MLI,Grain Belt,
MLM,|US|Jalisco & Michoacán,
MLX,Copper,
MMK,Defense RU,
MMK,Logistics CIS,
MMK,Rosneft,
MNL,|IE|Filipino,
MNL,|IT|Filipino,
MNL,|US|Filipino,
MNL,Appliances,
MNL,Logistics APAC,
MNL,Marine,
MNL,Rice,
MNX,Amazonia,
MOB,Heavy industry,
MOB,Marine,
MOB,Offshore oil,
MOC,Dairy,
MOG,PetroChina,
MOT,Oil Fracking,
MPL,|FR|Algerian x2,
MPL,Dairy,
MPL,Life sciences,
MPL,Viticulture,
MPM,Aluminum,
MPM,Logistics MEA,
MPM,Lusophone|,
MPN,Commonwealth Binds,
MQF,Rosneft,
MQL,Coal,
MQL,Viticulture,
MQP,Coal,
MQT,Paper & Furniture,
MQT,Platinum,
MRS,|FR|Algerian x2,
MRS,|FR|Moroccan,
MRS,|FR|Tunisian x2,
MRS,Healthcare,
MRS,Logistics EU Med,
MRU,Textiles,
MRV,Russian Vacay Destination x2|,
MRX,NIOC,
MRY,Surfing,
MSJ,Arctic Fishing,
MSJ,Defense,
MSJ,Seafood,
MSN,Academia,
MSN,Dairy,
MSN,Healthcare,
MSP,|US|Hmong,
MSP,|US|Somali,
MSP,Academia,
MSP,Agribusiness,
MSP,CPG & Retail,
MSP,Dairy,
MSP,Nordic / Lutheran|,
MSQ,Heavy industry,
MSQ,Logistics CIS,
MSS,Maple Syrup,
MSY,LNG,
MSY,Marine,
MSY,Petrochemicals,
MTT,Pemex,
MTY,|MX|Bolivian,
MTY,Automotive,
MTY,Electronics,
MTY,Logistics NAC,
MUC,|DE|Serbian,
MUC,|DE|Turkish,
MUC,Aerospace,
MUC,Automotive,
MUC,Dairy,
MUC,Industrial automation,
MUC,Semiconductors,
MUH,Italian|,
MUN,PDVSA,
MUX,Cotton,
MVD,Latifundia Legacy,
MVD,Logistics LATAM,
MVD,Ranching,
MVP,Drug trafficking,
MVY,Wind energy,
MWX,Oil Refining,
MWX,Steel,
MWZ,Nordic / Lutheran|,
MXB,Nickel,
MXL,Geothermal,
MXP,|AU|Italian,
MXP,|BR|Italian,
MXP,|IT|Filipino,
MXP,|US|Italian,
MXP,CPG & Retail,
MXP,Textiles,
MXX,Logistics EU Med,
MXX,Paper & Furniture,
MXZ,Rare earths,
MYR,Golf,
MYY,Forestry,
MYY,Offshore oil,
MZG,Drug trafficking,
MZG,Seafood,
MZL,Coffee,
MZR,|DE|Afghan,
MZR,|PK|Afghan,
MZR,|TR|Afghan,
MZR,Drug trafficking,
MZT,Drug trafficking,
MZT,Latifundia Legacy,
MZT,Seafood,
NAG,|SG|Marathi,
NAN,Gold,
NAN,Surfing,
NAP,|BR|Italian,
NAP,|US|Italian,
NAP,Agribusiness,
NAS,Commonwealth Binds,
NAS,High finance,
NAT,Petrobras,
NBE,|FR|Tunisian x2,
NBO,|KE|Gujarati,
NBO,Geothermal,
NBO,Horticulture,
NBO,Logistics MEA,
NBO,Tea,
NBO,Back office,
NCE,|FR|Serbian,
NCE,Horticulture,
NCE,Viticulture,
NCL,Heavy industry,
NCL,Marine,
NDB,Dark economy,
NDG,PetroChina,
NDG,Steel,
NDJ,Ranching,
NGB,Appliances,
NGB,LNG,
NGB,Logistics APAC,
NGB,Toys,
NGO,|BR|Nikkei,
NGO,|MP|Nikkei,
NGO,|PE|Nikkei,
NGO,|US|Nikkei,
NGO,Aerospace,
NGO,Automotive,
NGO,Electronics,
NGO,Rice,
NGO,Wind energy,
NGS,Heavy industry,
NGS,Marine,
NIM,Uranium,
NJF,Pilgrimage x2|,
NJF,Shia|,
NKG,|AU|Chinese,
NKG,|CA|Chinese,
NKG,|ID|Chinese,
NKG,|TH|Chinese,
NKG,|US|Chinese,
NKG,Academia,
NKG,Appliances,
NKG,Chinese Tourism|,
NKG,Sinopec,
NKG,Software,
NLA,Copper,
NLD,Hispanic|,
NLT,Zinc-lead,
NLU,Bureaucracy,
NLU,NA Capitols|,
NMI,Textiles,
NMI,|SG|Marathi,
NMI,Bollywood 2 Bureaucracy x2,
NMI,Sunni|,
NMI,Telco,
NNG,Bauxite,
NNG,New energy,
NNM,Marine,
NNM,Russian Vacay Destination x2|,
NNR,|US|Irish American,
NOC,|US|Irish American,
NOR,Copper,
NOU,Surfing,
NOV,ExxonMobil,
NOZ,Coal RU,
NOZ,Coal RU,
NPE,Viticulture,
NPL,Dairy,
NPL,LNG,
NPL,Petrochemicals,
NQN,Oil,
NQN,Oil Fracking,
NQY,Atlantic Fishing,
NQY,Surfing,
NRT,|AR|Nikkei,
NRT,|BR|Nikkei,
NRT,|JP|Korean,
NRT,|MP|Nikkei,
NRT,|PE|Nikkei,
NRT,|US|Nikkei,
NRT,Bureaucracy,
NRT,Electronics,
NRT,High finance,
NRT,Software,
NSI,Forestry,
NSK,Gold,
NSK,Heavy industry,
NSK,Nickel,
NSK,Platinum,
NSK,Rosneft,
NSN,Seafood,
NSP,Anglophone,
NTE,Marine,
NTE,Renewables,
NTG,Chinese Tourism|,
NTG,Marine,
NTG,Petrochemicals,
NTG,Textiles,
NTL,Coal,
NTL,Surfing,
NTQ,Spirituality,
NTY,Platinum,
NUE,Footwear,
NUE,Toys,
NUX,Gazprom,
NUX,Gazprom,
NUX,LNG,
NUX,Taiga,
NVT,Marine,
NWI,Wind energy,
NYM,Rosneft,
NYT,Dark economy,
NZF,Academia,
NZF,Anglophone,
NZH,Gold,
OAK,|US|Filipino,
OAK,|US|Vietnamese,
OAK,Academia,
OAK,Geothermal,
OAK,Hispanic|,
OAK,Logistics NAC,
OAK,SoCal NoCal,
OAK,Viticulture,
OAX,|US|Guerrero & Oaxaca,
OBO,Forestry,
ODS,Mediterranean Marine,
ODY,Dark economy,
OGD,Spirituality,
OGG,PIF|,
OGG,Surfing,
OGZ,Defense RU,
OGZ,Gazprom,
OHH,Rosneft,
OIT,Geothermal,
OKA,Defense,
OKA,Healthcare,
OKC,|US|Durango & Zacatecas,
OKC,Academia,
OKC,Oil,
OKI,Seafood,
OLP,Copper,
OMA,Agribusiness,
OMA,Grain Belt,
OMA,Logistics NAC,
OMA,Ranching,
OME,Gold,
OMS,Petrochemicals,
OMS,Rosneft,
ONT,|US|Filipino,
ONT,Hispanic|,
ONT,Logistics NAC,
ONT,Mediterranean Ag,
OOL,Surfing,
OPO,Viticulture,
OPS,Latifundia Legacy,
OPT,Back office,
ORB,|SE|Iraqi,
ORD,|US|Chinese,
ORD,|US|Indian,
ORD,|US|Jalisco & Michoacán,
ORD,|US|Jewish,
ORD,|US|Polish,
ORD,Agribusiness,
ORD,Banking,
ORD,CPG & Retail,
ORD,Telco,
ORF,Caribbean Vacay x2|,
ORF,Defense,
ORF,Logistics NAC,
ORF,Marine,
ORF,Wind energy,
ORH,|US|Irish American,
ORH,Software,
ORK,|US|Irish American,
ORK,Apple,
ORK,Atlantic Fishing,
ORK,Wind energy,
ORN,|CA|Algerian,
ORN,|FR|Algerian x2,
ORN,Mediterranean Marine,
ORY,|FR|Algerian x2,
ORY,|FR|Armenian,
ORY,|FR|Moroccan,
ORY,|FR|Polish,
ORY,|FR|Serbian,
ORY,|FR|Tunisian x2,
ORY,Academia,
ORY,Aerospace,
ORY,Life sciences,
ORY,Textiles,
OSL,|NO|Somali,
OSL,Aluminum,
OSL,Marine,
OSL,Nordic Ski 2 City x2,
OSL,Renewables,
OSL,Software,
OST,Atlantic Fishing,
OST,Wind energy,
OTH,Forestry,
OTP,|IT|Romanian,
OTP,Automotive,
OTP,Petrochemicals,
OUL,Boreal,
OVB,Software,
PAB,Aluminum,
PAE,Academia,
PAE,CPG & Retail,
PAP,|CA|Haitian,
PAP,|CL|Haitian,
PAP,Textiles,
PBC,Automotive,
PBI,|CU|Cuban x2,
PBI,|US|Brazilian,
PBI,|US|Colombian,
PBI,|US|Jewish,
PBI,Golf,
PBI,Hispanic|,
PBM,|NL|Surinamese,
PBU,Drug trafficking,
PCL,Amazonia,
PDG,Spices / Tropical Ag,
PDP,Latifundia Legacy,
PDT,Paper & Furniture,
PDV,Appliances,
PDV,Heavy industry,
PDX,Footwear,
PDX,Software,
PEE,Rosneft,
PEI,Coffee,
PEK,|AU|Chinese,
PEK,|CA|Chinese,
PEK,|ID|Chinese,
PEK,|TH|Chinese,
PEK,|US|Chinese,
PEK,Academia,
PEK,Aerospace,
PEK,Bureaucracy,
PEK,Chinese Tourism|,
PEK,Sinopec,
PEK,Space,
PEN,|MY|Malayali,
PEN,|MY|Tamil,
PEN,Electronics,
PEN,Semiconductors,
PEN,Back office,
PER,|AU|Chinese,
PER,|AU|Indian,
PER,Bauxite,
PER,Gold,
PER,LNG,
PER,Logistics APAC,
PER,Offshore oil,
PER,Surfing,
PER,Uranium,
PES,Paper & Furniture,
PEW,|PK|Afghan,
PEW,Drug trafficking,
PEW,Pashto|,
PFO,EU|,
PFO,Greek|,
PHC,Offshore oil,
PHE,Offshore oil,
PHF,Aerospace,
PHL,|US|Irish American,
PHL,|US|Italian,
PHL,|US|Jewish,
PHL,|US|Korean,
PHL,|US|Stateside Puerto Ricans,
PHL,Academia,
PHL,Life sciences,
PHL,US Finance,
PHO,Copper,
PHX,|US|Guerrero & Oaxaca,
PHX,|US|Jalisco & Michoacán,
PHX,Aerospace,
PHX,Copper,
PHX,Logistics NAC,
PHX,Renewables,
PHX,Semiconductors,
PHX,Back office,
PIA,Healthcare,
PIA,Heavy industry,
PIT,Academia,
PIT,Caribbean Vacay x2|,
PIT,Industrial automation,
PIT,Life sciences,
PIT,Software,
PIT,Steel,
PKC,Arctic Fishing,
PKC,Gazprom,
PKC,Gold,
PKR,Spirituality,
PKU,Oil,
PKU,Petrochemicals,
PKV,Defense RU,
PKX,|AU|Chinese,
PKX,|CA|Chinese,
PKX,|ID|Chinese,
PKX,|TH|Chinese,
PKX,|TH|Chinese,
PKX,|US|Chinese,
PKX,Banking,
PKX,Chinese Tourism|,
PKX,New energy,
PKX,PetroChina,
PKX,Telco,
PKY,Coal CN,
PLM,Coffee,
PLO,Seafood,
PLU,Drug trafficking,
PLZ,Automotive,
PLZ,Surfing,
PMC,Seafood,
PMG,Drug trafficking,
PMI,Loves Mallorca x2|,
PMO,|AU|Italian,
PMO,|BR|Italian,
PMO,|US|Italian,
PMO,Agribusiness,
PMO,Mediterranean Marine,
PMR,Dairy,
PMW,Gemstones,
PNH,Dark Economy,
PNH,Spices / Tropical Ag,
PNH,Textiles,
PNH,|KH|Indonesian,
PNQ,|SG|Marathi,
PNQ,Automotive,
PNQ,Heavy industry,
PNQ,Sugar,
PNS,Cotton,
PNS,Defense,
PNS,Offshore oil,
PNS,Paper & Furniture,
POA,Agribusiness,
POA,Footwear,
POA,Latifundia Legacy,
POA,Nordic / Lutheran|,
POG,Offshore oil,
POM,ExxonMobil,
POP,Caribbean Vacay x2|,
POS,Forestry,
POS,Oil Refining,
POS,Tea,
POZ,Logistics EU Med,
PPB,Sugar,
PPP,Spices / Tropical Ag,
PPP,Sugar,
PQI,Francophonie|,
PRC,Golf,
PRG,Automotive,
PRG,Healthcare,
PRN,Mediterranean Ag,
PSA,|IT|Romanian,
PSA,Viticulture,
PSG,Seafood,
PSP,Golf,
PSP,Renewables,
PSR,Mediterranean Marine,
PTF,Surfing,
PTG,Diamonds,
PTP,Loves French Antilles,
PTU,Platinum,
PTY,Banking,
PTY,Global Logistics,
PTY,Logistics NAC,
PUB,Hispanic|,
PUB,Wind energy,
PUJ,Caribbean Vacay x2|,
PUJ,Drug trafficking,
PUN,Back office,
PUQ,Viticulture,
PUS,|JP|Korean,
PUS,|US|Korean,
PUS,Aluminum,
PUS,Electronics,
PUS,Marine,
PUS,Seafood,
PUS,Wind energy,
PUW,Academia,
PVD,|US|Brazilian,
PVD,Academia,
PVD,Lusophone|,
PVD,Pharma,
PVD,Toys,
PVG,|AU|Chinese,
PVG,|CA|Chinese,
PVG,|ID|Chinese,
PVG,|TH|Chinese,
PVG,|US|Chinese,
PVG,Chinese Tourism|,
PVG,Electronics,
PVG,Global Logistics,
PVG,High finance,
PVG,Industrial automation,
PVH,Amazonia,
PVH,Amazonia,
PVH,Petrobras,
PVR,Surfing,
PWM,Atlantic Fishing,
PWQ,Aluminum,
PXH,Copper,
PXM,Surfing,
PXU,Coffee,
PZU,Gold,
PZU,Logistics MEA,
PZU,Oil Refining,
QAB,Hispanic,
QAO,Russian,
QRO,Aerospace,
QRO,Appliances,
QRW,Oil,
QSZ,Sunni|,
RAI,Lusophone|,
RAJ,Agriculture,
RAK,|FR|Moroccan,
RAK,|NL|Moroccan,
RAO,Bauxite,
RAO,Footwear,
RAP,Casinos,
RAS,Tea,
RBA,|FR|Moroccan,
RBA,|NL|Moroccan,
RBA,Mediterranean Ag,
RDM,Forestry,
RDP,Shia|,
RDU,Academia,
RDU,Caribbean Vacay x2|,
RDU,Life sciences,
RDU,Telco,
REC,Latifundia Legacy,
REC,Logistics LATAM,
REC,Marine,
REC,Petrobras,
REC,Petrochemicals,
REN,Aluminum,
RES,Agribusiness,
REX,Pemex,
RGA,Ranching,
RGN,Drug trafficking,
RGN,Rice,
RGN,Textiles,
RHI,Maple Syrup,
RIC,Petrochemicals,
RIC,US Finance,
RIX,Paper & Furniture,
RJ1,Space,
RJK,Mediterranean Marine,
RKT,|AE|Malayali,
RKT,Pharma,
RKT,Russian Vacay Destination x2|,
RKV,Geothermal,
RMA,LNG,
RMO,Mediterranean Ag,
RMQ,|TW|Indonesian,
RNO,Casinos,
RNO,Gold,
RNO,SoCal NoCal,
ROC,|US|Somali,
ROC,Caribbean Vacay x2|,
ROC,Healthcare,
ROK,Coal,
ROK,PetroChina,
ROS,Latifundia Legacy,
ROS,Loves Florianopolis x2|,
ROS,Ranching,
ROV,Defense RU,
ROV,Grain Belt,
ROV,Logistics CIS,
ROW,UFOs,
RPR,Coal,
RSA,Ranching,
RST,Nordic / Lutheran|,
RSW,Hispanic|,
RTB,Anglophone|,
RTB,Offshore oil,
RTM,|NL|Indonesian,
RTM,Equinor,
RTM,Global Logistics,
RTM,Logistics EU Med,
RUH,|SA|Bangladeshi,
RUH,|SA|Egyptian,
RUH,|SA|Malayali,
RUH,|SA|Pakistani,
RUH,Logistics MEA,
RUH,Petrochemicals,
RUH,|SA|Indonesian,
RUT,Dairy,
RVE,Latifundia Legacy,
RVN,Loves Arctic|,
RVN,Santa,
SAB,PDVSA,
SAF,Hispanic|,
SAH,Shia|,
SAI,Chinese Tourism|,
SAL,|US|Salvadoran,
SAL,Latifundia Legacy,
SAL,Paper & Furniture,
SAN,|US|Guerrero & Oaxaca,
SAN,|US|Iranian,
SAN,|US|Samoan,
SAN,Defense,
SAN,Life sciences,
SAN,SoCal NoCal,
SAP,Latifundia Legacy,
SAT,Defense,
SAT,Healthcare,
SAT,Hispanic|,
SAT,Ranching,
SAV,Caribbean Vacay x2|,
SAV,Golf,
SAV,Logistics NAC,
SAW,|TR|Iraqi,
SAW,Footwear,
SAW,Steel,
SAW,Textiles,
SBA,Academia,
SBA,Defense,
SBA,Mediterranean Ag,
SBA,Offshore oil,
SBA,SoCal NoCal,
SBD,|US|Guerrero & Oaxaca,
SBD,SoCal NoCal,
SBH,Loves French Antilles,
SBL,Gemstones,
SBN,Academia,
SBT,Gazprom,
SBT,Gazprom,
SBT,LNG,
SBW,Paper & Furniture,
SCC,Arctic Oil,
SCC,LNG,
SCE,Academia,
SCK,Mediterranean Ag,
SCL,|CL|Haitian,
SCL,Colonial ties bind,
SCL,Copper,
SCL,Logistics LATAM,
SCN,Wind energy,
SCO,ExxonMobil,
SCO,Gazprom,
SCO,Oil,
SCO,PetroChina,
SCO,Uranium,
SCQ,Spirituality,
SDB,Banking,
SDF,Academia,
SDF,Appliances,
SDF,Caribbean Vacay x2|,
SDF,Global Logistics,
SDF,Logistics NAC,
SDF,Whiskey,
SDJ,Appliances,
SDQ,Footwear,
SDQ,Gold,
SDQ,Logistics LATAM,
SDQ,Spices / Tropical Ag,
SDU,Coffee,
SDU,Equinor,
SDU,Heavy industry,
SDU,Logistics LATAM,
SEA,|US|Chinese,
SEA,|US|Indian,
SEA,|US|Samoan,
SEA,|US|Somali,
SEA,|US|Vietnamese,
SEA,Aerospace,
SEA,Arctic Fishing,
SEA,Coffee,
SEA,Software,
SFG,Loves French Antilles,
SFJ,Santa,
SFN,Grain Belt,
SFO,|US|Bengali,
SFO,|US|Chinese,
SFO,|US|Indian,
SFO,|US|Jewish,
SFO,Cantonese|,
SFO,High finance,
SFO,SoCal NoCal,
SFO,Software,
SFO,Telco,
SFO,US Finance,
SGN,|AU|Vietnamese,
SGN,|JP|Vietnamese,
SGN,|US|Vietnamese,
SGN,Coffee,
SGN,CPG & Retail,
SGN,Footwear,
SGN,Textiles,
SGP,Bauxite,
SHA,|AU|Chinese,
SHA,|CA|Chinese,
SHA,|ID|Chinese,
SHA,|TH|Chinese,
SHA,|US|Chinese,
SHA,Aerospace,
SHA,Chinese Tourism|,
SHA,New energy,
SHA,Pharma,
SHA,Semiconductors,
SHA,Steel,
SHE,Chinese Tourism|,
SHE,New energy,
SHE,Paper & Furniture,
SHE,Steel,
SHJ,|AE|Malayali,
SHJ,Logistics MEA,
SHV,ExxonMobil,
SHV,Petrochemicals,
SIN,|SG|Marathi,
SIN,Banking,
SIN,Electronics,
SIN,Global Logistics,
SIN,High finance,
SIN,Life sciences,
SIN,Logistics APAC,
SIN,Semiconductors,
SIN,Telco,
SIP,|RU|Armenian,
SIP,Defense RU,
SIT,Arctic Fishing,
SJC,|US|Bengali,
SJC,|US|Chinese,
SJC,|US|Indian,
SJC,Academia,
SJC,Apple,
SJC,Hispanic|,
SJC,Renewables,
SJC,Semiconductors,
SJC,SoCal NoCal,
SJC,Software,
SJO,Spices / Tropical Ag,
SJO,Back office,
SJT,Cotton,
SJU,Logistics LATAM,
SJU,Logistics NAC,
SJU,Pharma,
SJW,Aluminum,
SJW,Coal CN,
SKD,Cotton,
SKG,Heavy industry,
SKG,Marine,
SKG,Mediterranean Ag,
SKT,Rice,
SKT,Toys,
SKZ,Agriculture,
SLA,UFOs,
SLA,Uranium,
SLA,Viticulture,
SLC,|CL|Colombian,
SLC,|CL|Samoan,
SLC,|CL|Venezuelan,
SLC,Copper,
SLC,US Finance,
SLI,Copper,
SLK,Maple Syrup,
SLL,|OM|Malayali,
SLW,Automotive,
SLY,Russian Vacay Destination x2|,
SLZ,Agribusiness,
SLZ,Aluminum,
SLZ,Petrobras,
SMF,|US|Guerrero & Oaxaca,
SMF,Dairy,
SMF,Mediterranean Ag,
SMF,Rice,
SMF,SoCal NoCal,
SMR,Drug trafficking,
SMR,Latifundia Legacy,
SMR,Logistics LATAM,
SNA,|US|Iranian x2,
SNA,|US|Jewish,
SNA,|US|Samoan,
SNA,|US|Vietnamese,
SNA,Academia,
SNA,Defense,
SNA,SoCal NoCal,
SNN,|US|Irish American,
SNN,Dairy,
SNP,Arctic Fishing,
SOF,Agribusiness,
SOF,Loves Kavala x2|,
SOF,Software,
SOF,Back office,
SON,Seafood,
SOQ,Nickel,
SOU,UFOs,
SPI,Grain Belt,
SPS,Ranching,
SPX,UFOs,
SRE,Zinc-lead,
SSA,Latifundia Legacy,
SSA,Offshore oil,
SSA,Petrobras,
SSG,Oil,
SSH,Russian Vacay Destination x2|,
STL,CPG & Retail,
STL,Healthcare,
STL,Logistics NAC,
STL,Pharma,
STM,Amazonia,
STM,Spices / Tropical Ag,
STN,|GB|Indian,
STN,Life sciences,
STR,|DE|Serbian,
STR,Automotive,
STR,Loves Bolzano x2|,
STR,Pharma,
STR,Renewables,
STS,|US|Guerrero & Oaxaca,
STS,Geothermal,
STS,SoCal NoCal,
STS,Viticulture,
STV,|KE|Gujarati,
STV,Dairy,
STV,Diamonds,
STV,Textiles,
STW,Defense RU,
SUB,|ID|Chinese,
SUB,|ID|Tamil,
SUB,|NL|Indonesian,
SUB,|SR|Indonesian,
SUB,Logistics APAC,
SUB,Nickel,
SUB,Oil,
SUB,Oil Refining,
SUB,Back office,
SUJ,Appliances,
SUV,Seafood,
SVC,Copper,
SVG,Equinor,
SVG,Paper & Furniture,
SVO,|RU|Armenian,
SVO,Defense RU,
SVO,LNG,
SVO,Oil,
SVO,Russian Vacay Destination x2|,
SVO,Software,
SVO,Sunni|,
SVX,Gold,
SVX,Russian Vacay Destination x2|,
SVX,Space,
SVX,Steel,
SWA,Dark economy,
SWA,Dark economy,
SWA,Rice,
SWA,Textiles,
SXB,|FR|Polish,
SXI,NIOC,
SXR,Sunni|,
SXR,Sunni|,
SYD,|AU|Chinese,
SYD,|AU|Greek,
SYD,|AU|Indian,
SYD,|AU|Samoan,
SYD,|AU|Vietnamese,
SYD,Banking,
SYD,Footie Traffic x2,
SYD,Logistics APAC,
SYD,Surfing,
SYK,Spices / Tropical Ag,
SYX,Russian Vacay Destination x2|,
SYX,Sinopec,
SYY,Offshore oil,
SYZ,NIOC,
SZA,Offshore oil,
SZB,|MY|Malayali,
SZX,Apple,
SZX,Banking,
SZX,Cantonese|,
SZX,Chinese Tourism|,
SZX,Electronics,
SZX,Global Logistics,
SZX,Industrial automation,
SZX,New energy,
TAC,Sugar,
TAE,Healthcare,
TAM,Copper,
TAM,Pemex,
TAM,UFOs,
TAM,UFOs,
TAO,|AU|Chinese,
TAO,|CA|Chinese,
TAO,|ID|Chinese,
TAO,|TH|Chinese,
TAO,|US|Chinese,
TAO,Appliances,
TAO,Chinese Tourism|,
TAO,CPG & Retail,
TAO,Electronics,
TAO,Marine,
TAS,Logistics CIS,
TAS,Textiles,
TBS,Logistics EU Med,
TBS,Viticulture,
TBT,Amazonia,
TBZ,|DE|Iranian,
TBZ,|TR|Iranian,
TBZ,|US|Iranian,
TBZ,Cotton,
TBZ,Heavy industry,
TCA,Gold,
TCA,UFOs,
TCO,Drug trafficking,
TCR,|AE|Tamil,
TCR,|ID|Tamil,
TCR,|MY|Tamil,
TCR,Indian Ocean Fishing,
TCZ,Tea,
TET,Logistics MEA,
TEZ,Sunni|,
TFF,Amazonia,
TFN,British Sunny Vacay x2|,
TFS,British Sunny Vacay x2|,
TFU,|AU|Chinese,
TFU,|CA|Chinese,
TFU,|ID|Chinese,
TFU,|TH|Chinese,
TFU,|US|Chinese,
TFU,Agribusiness,
TFU,Chinese Tourism|,
TFU,Semiconductors,
TGO,Coal CN,
TGU,Coffee,
TGZ,Coffee,
THL,Drug trafficking,
THR,|DE|Iranian,
THR,|TR|Iranian,
THR,|US|Iranian x2,
THR,Logistics MEA,
THR,NIOC,
TIA,Footwear,
TIF,|AE|Pakistani,
TIF,|SA|Pakistani,
TIF,|UK|Pakistani,
TIF,|US|Pakistani,
TIJ,Drug trafficking,
TIO,Dark economy,
TIR,|CA|Telugu,
TIR,Spirituality,
TIV,Mediterranean Marine,
TKD,Offshore oil,
TKG,Geothermal,
TKG,Space,
TKU,Boreal,
TLE,Indian Ocean Fishing,
TLH,Academia,
TLL,Telco,
TLN,|FR|Algerian x2,
TLQ,Cotton,
TLS,|FR|Algerian x2,
TLS,|FR|Moroccan,
TLS,Aerospace,
TLS,Space,
TLV,|FR|Jewish,
TLV,|IE|Ethiopian,
TLV,|IE|Filipino,
TLV,|UK|Jewish,
TLV,|US|Jewish,
TLV,Defense,
TLV,Diamonds,
TLV,Horticulture,
TLV,Semiconductors,
TLV,Software,
TLY,Taiga,
TMC,Nickel,
TMT,Amazonia,
TNA,Automotive,
TNA,Bauxite,
TNA,Bauxite,
TNA,Chinese Tourism|,
TNE,Aerospace,
TNG,Dark economy,
TNG,Logistics EU Med,
TNG,Textiles,
TNH,Gold,
TNR,Agriculture,
TOF,Gazprom,
TOS,Atlantic Fishing,
TOS,Defense,
TOS,Equinor,
TOS,Renewables,
TOY,Rice,
TPA,Golf,
TPA,Healthcare,
TPA,Logistics NAC,
TPA,Software,
TPA,Back office,
TPE,Electronics,
TPE,HK Taiwan Kinship|,
TPE,Semiconductors,
TPE,|TW|Indonesian,
TPP,Amazonia,
TRB,Latifundia Legacy,
TRD,Nordic Ski 2 City x2,
TRD,Software,
TRF,Equinor,
TRF,Santa,
TRG,Horticulture,
TRK,Coal CN,
TRN,|IT|Romanian,
TRN,Automotive,
TRN,Healthcare,
TRS,Mediterranean Marine,
TRU,Coffee,
TRU,Copper,
TRV,|AE|Malayali,
TRV,|MY|Malayali,
TRV,|OM|Malayali,
TRV,|SA|Malayali,
TRV,Healthcare,
TRV,Software,
TRZ,|AE|Tamil,
TRZ,|ID|Tamil,
TRZ,|MY|Tamil,
TRZ,Offshore oil,
TRZ,Back office,
TSA,Semiconductors,
TSE,Gazprom,
TSE,PetroChina,
TSF,|IT|Romanian,
TSF,CPG & Retail,
TSN,Automotive,
TSN,Logistics APAC,
TSN,Petrochemicals,
TSN,Semiconductors,
TSS,Banking,
TSS,High finance,
TSV,Copper,
TSV,Nickel,
TTN,Academia,
TTU,Drug trafficking,
TUC,Agribusiness,
TUL,Aerospace,
TUL,LNG,
TUL,Oil,
TUL,Oil Fracking,
TUN,|FR|Tunisian x2,
TUN,Automotive,
TUN,Logistics EU Med,
TUN,Mediterranean Ag,
TUN,Offshore oil,
TUR,Amazonia,
TUS,Defense,
TUS,Gemstones,
TUS,Golf,
TUS,Hispanic|,
TXK,Wind energy,
TXN,Spirituality,
TYN,Coal CN,
TYN,Toys,
TYS,Academia,
TZX,Horticulture,
TZX,Mediterranean Marine,
UBN,Gold,
UCT,Taiga,
UDI,Dairy,
UDI,Logistics LATAM,
UDR,Sugar,
UDR,Zinc-lead,
UET,Pashto|,
UFA,Petrochemicals,
UFA,Russian Vacay Destination x2|,
UGO,Coffee,
UIO,|ES|Ecuadorian,
UIO,|US|Ecuadorian,
UIO,Coffee,
UIO,Horticulture,
UIO,Paper & Furniture,
UKB,CPG & Retail,
UKB,Heavy industry,
UKB,Life sciences,
UKB,Rice,
ULK,Coal RU,
ULN,Coal CN,
UME,Boreal,
UPG,|ID|Chinese,
UPG,Marine,
UPG,Nickel,
UPG,Offshore oil,
UPN,|US|Jalisco & Michoacán,
URA,Oil,
URC,Cotton,
URC,PetroChina,
URC,Sunni|,
USK,Russian Vacay Destination x2|,
USN,Oil Refining,
UTH,Rice,
UTP,|TH|Chinese,
UTP,Appliances,
UTP,Russian Vacay Destination x2|,
UUD,Gold,
UUS,Defense RU,
UUS,Gazprom,
UUS,Gazprom,
UUS,Gold,
UUS,LNG,
VAA,Boreal,
VAR,Casinos,
VCE,Mediterranean Marine,
VCP,|US|Brazilian,
VCP,Logistics LATAM,
VCP,Petrochemicals,
VER,Offshore oil,
VER,Pemex,
VER,Petrochemicals,
VGA,|CA|Telugu,
VGA,Pharma,
VGO,Atlantic Fishing,
VHM,Zinc-lead,
VIE,Life sciences,
VIE,Pharma,
VII,Seafood,
VIL,Surfing,
VIX,Logistics LATAM,
VIX,Petrobras,
VKO,CPG & Retail,
VKO,Defense RU,
VKO,Gazprom,
VKO,Gazprom,
VKO,LNG,
VKO,Logistics CIS,
VKO,Oil,
VKO,Rosneft,
VKO,Russian Vacay Destination x2|,
VKT,Russian Vacay Destination x2|,
VLC,Logistics EU Med,
VLC,Mediterranean Marine,
VNO,Renewables,
VNS,Spirituality,
VOG,Heavy industry,
VPS,Offshore oil,
VPS,Space,
VRA,Drug trafficking,
VRA,Sugar,
VRN,Agribusiness,
VRN,Viticulture,
VSA,Pemex,
VST,Boreal,
VST,Industrial automation,
VTE,Logistics APAC,
VTZ,|CA|Telugu,
VTZ,Rice,
VTZ,Textiles,
VUP,Latifundia Legacy,
VVI,|BR|Bolivian,
VVI,|MX|Bolivian,
VVO,Arctic Fishing,
VVO,Defense RU,
VVO,Gazprom,
VVO,Logistics CIS,
VVO,Marine,
VVO,Taiga,
VXC,Agriculture,
WAG,Defense,
WAG,Horticulture,
WAG,Viticulture,
WAW,|IE|Polish,
WAW,|US|Polish,
WAW,CPG & Retail,
WAW,Heavy industry,
WDH,Gold,
WDH,Ranching,
WDH,Uranium,
WEI,Bauxite,
WJU,Healthcare,
WLG,|NZ|Samoan,
WLG,Seafood,
WNH,Aluminum,
WNH,Bauxite,
WNS,Cotton,
WNZ,Aluminum,
WNZ,Footwear,
WNZ,Toys,
WRE,Geothermal,
WRO,CPG & Retail,
WRO,Electronics,
WTK,Zinc-lead,
WUH,|AU|Chinese,
WUH,|CA|Chinese,
WUH,|ID|Chinese,
WUH,|TH|Chinese,
WUH,|US|Chinese,
WUH,Automotive,
WUH,Chinese Tourism|,
WUH,Cotton,
WUH,Sinopec,
WUX,Chinese Tourism|,
WUX,New energy,
WUX,Pharma,
WUX,Textiles,
WVB,Uranium,
WXN,Aluminum,
XAP,Paper & Furniture,
XFN,Automotive,
XIY,Bauxite,
XIY,Chinese Tourism|,
XIY,Coal CN,
XIY,Logistics APAC,
XIY,Software,
XMN,|AU|Chinese,
XMN,|CA|Chinese,
XMN,|ID|Chinese,
XMN,|TH|Chinese,
XMN,|US|Chinese,
XMN,Chinese Tourism|,
XMN,Electronics,
XMN,Sugar,
XMN,Textiles,
XNA,Appliances,
XNA,CPG & Retail,
XNN,Heavy industry,
XUZ,Coal CN,
XUZ,Heavy industry,
XWA,Oil Fracking,
YAM,Heavy industry,
YAP,Seafood,
YAQ,Anglophone,
YAT,Gold,
YBC,Aluminum,
YBC,Boreal,
YBC,Francophonie|,
YBG,Aluminum,
YBG,Francophonie|,
YBG,Maple Syrup,
YBP,PetroChina,
YBR,Grain Belt,
YBR,Ranching,
YBY,Oil Fracking,
YCB,Academia,
YCD,Spirituality,
YCG,Horticulture,
YCL,Francophonie|,
YDN,Grain Belt,
YDN,Grain Belt,
YDP,Nickel,
YEG,LNG,
YEG,Loves Cancun x2|,
YEG,Oil Fracking,
YEI,Appliances,
YFB,Loves Arctic|,
YFB,Santa,
YGP,Francophonie|,
YHM,|CA|Chinese,
YHM,Logistics NAC,
YHM,Loves Cancun x2|,
YHM,Steel,
YHU,Boreal,
YHU,Francophonie|,
YHU,Logistics NAC,
YHU,Maple Syrup,
YHU,UFOs,
YHZ,Atlantic Fishing,
YHZ,Marine,
YHZ,Renewables,
YIA,Tea,
YIH,Logistics APAC,
YIN,Gold,
YIN,Zinc-lead,
YIW,Toys,
YKA,Paper & Furniture,
YKM,|US|Jalisco & Michoacán,
YKS,Diamonds,
YKS,Gold,
YLW,Gold,
YLW,Spirituality,
YLW,Viticulture,
YMJ,Uranium,
YMK,Gazprom,
YMM,Nickel,
YMM,Oil,
YMM,Oil Fracking,
YMM,PetroChina,
YMS,Zinc-lead,
YMS,Zinc-lead,
YMT,Francophonie|,
YNT,Aluminum,
YOW,Bureaucracy,
YOW,Defense,
YOW,Gold,
YOW,Loves Cancun x2|,
YOW,NA Capitols|,
YPE,Oil Fracking,
YPY,Boreal,
YQB,Aluminum,
YQB,Francophonie|,
YQB,Gold,
YQB,Loves Cancun x2|,
YQB,Maple Syrup,
YQB,Software,
YQG,Automotive,
YQL,Ranching,
YQL,Ranching,
YQR,Arctic Oil,
YQR,Grain Belt,
YQR,Logistics NAC,
YQR,Ranching,
YQR,Uranium,
YQT,Platinum,
YQU,Oil Fracking,
YQX,LNG,
YQY,Atlantic Fishing,
YRJ,Francophonie|,
YRJ,Maple Syrup,
YSB,Nickel,
YSB,Platinum,
YTF,Francophonie|,
YTM,Francophonie|,
YTS,Francophonie|,
YTS,Gold,
YTS,Nickel,
YTY,Agriculture,
YTY,Toys,
YTZ,Banking,
YTZ,CPG & Retail,
YTZ,High finance,
YTZ,Logistics NAC,
YUL,|CA|Algerian,
YUL,|CA|Haitian,
YUL,|CA|Moroccan,
YUL,Aerospace,
YUL,Banking,
YUL,Francophonie|,
YUL,Loves Cancun x2|,
YUL,Loves French Antilles,
YUL,Software,
YUM,Hispanic|,
YUM,Horticulture,
YUY,Copper,
YUY,Francophonie|,
YVO,Francophonie|,
YVO,Gold,
YVR,|CA|Bengali,
YVR,|CA|Chinese,
YVR,|CA|Punjabi,
YVR,Arctic Fishing,
YVR,Cantonese|,
YVR,Copper,
YVR,Gold,
YVR,Software,
YW9,Academia,
YWB,Nickel,
YWB,Platinum,
YWG,Agribusiness,
YWG,Grain Belt,
YWG,Healthcare,
YWG,Loves Cancun x2|,
YWG,Ranching,
YXC,Boreal,
YXC,Gemstones,
YXC,Grain Belt,
YXE,Arctic Oil,
YXE,Gold,
YXE,Ranching,
YXE,Uranium,
YXH,LNG,
YXJ,Arctic Oil,
YXK,Francophonie|,
YXS,Boreal,
YXT,Aluminum,
YXU,Automotive,
YXU,Loves Cancun x2|,
YXU,Oil Fracking,
YXU,Rare earths,
YXU,Renewables,
YXX,Grain Belt,
YXY,Gold,
YXY,Loves Arctic|,
YXY,Loves Cancun x2|,
YXY,Uranium,
YYB,Boreal,
YYC,|CA|Chinese,
YYC,|CA|Punjabi,
YYC,Loves Cancun x2|,
YYC,Oil,
YYC,Oil Fracking,
YYC,Telco,
YYE,Arctic Oil,
YYE,Boreal,
YYF,Gold,
YYG,Atlantic Fishing,
YYG,Wind energy,
YYJ,Academia,
YYJ,Defense,
YYJ,Marine,
YYR,Boreal,
YYR,Defense,
YYT,Arctic Oil,
YYT,Atlantic Fishing,
YYY,Francophonie|,
YYZ,|CA|Bengali,
YYZ,|CA|Chinese,
YYZ,|CA|Punjabi,
YYZ,|CA|Telugu,
YYZ,Banking,
YYZ,Entertainment,
YYZ,High finance,
YYZ,Loves Cancun x2|,
YYZ,Software,
YZF,Gold,
YZF,Loves Arctic|,
YZP,Boreal,
YZV,Aluminum,
YZV,Francophonie|,
ZAG,Logistics EU Med,
ZBF,Francophonie|,
ZCL,|US|Durango & Zacatecas,
ZHA,Heavy industry,
ZHA,Logistics APAC,
ZHA,Sinopec,
ZHA,Sugar,
ZIH,|US|Guerrero & Oaxaca,
ZLO,|US|Jalisco & Michoacán,
ZNE,Copper,
ZNE,Rare earths,
ZQN,Viticulture,
ZRH,Banking,
ZRH,Bureaucracy,
ZRH,High finance,
ZRH,Pharma,
ZUH,Rare earths,
ZUH,Sinopec,